Wed Nov 19 15:51:55 UTC 2025 - Actualización automática
Wed Nov 19 18:14:15 UTC 2025 - Actualización automática
Thu Nov 20 03:07:07 UTC 2025 - Actualización automática
Thu Nov 20 14:15:50 UTC 2025 - Actualización automática
Thu Nov 20 18:14:08 UTC 2025 - Actualización automática
Fri Nov 21 03:07:54 UTC 2025 - Actualización automática
Fri Nov 21 14:15:26 UTC 2025 - Actualización automática
Fri Nov 21 18:14:05 UTC 2025 - Actualización automática
Sat Nov 22 03:01:17 UTC 2025 - Actualización automática
Sat Nov 22 14:12:50 UTC 2025 - Actualización automática
Sat Nov 22 18:12:18 UTC 2025 - Actualización automática
Sun Nov 23 03:24:26 UTC 2025 - Actualización automática
Sun Nov 23 14:12:53 UTC 2025 - Actualización automática
